{"address":"SM14T5JTCX46RXV2RW4QBKYNPFXF5PJGSBD2X7SH2","type":"stacker","locked":"500000","until":"708050"}
{"address":"SM19HFRTPVXMR2BXXFV3M6YHQNBA1APR6CYWX21RP","type":"stacker","locked":"386000000000","until":"708050"}
{"address":"SM2CC48KX8HASDE0BR9HXWCBJMK7T2YV9BFKZ83X2","type":"stacker","locked":"9940000000000","until":"708050"}
{"address":"SM3B4ZX0TM5R27DJ1MGTJX73C7P1V8406M5QGVDC6","type":"stacker","locked":"13000000000000","until":"708050"}
{"address":"SP02A0EY3X890QQRT8KWCFA8YQ5N59SXXC52BEXC","type":"stacker","locked":"595000000","until":"708050"}
{"address":"SP10EN1KAHBF1MECMD6XY6FKYPQXMT6WTPPN9FBHE","type":"stacker","locked":"41666913600","until":"708050"}
{"address":"SP10SYKPCC91PH34CP6KN6K409HT6ARTGFZPYDP1N","type":"stacker","locked":"200000000","until":"708050"}
{"address":"SP11W1YTM3TMR9ZDD7F6FAD53BQJ1ED9N575M5GX8","type":"stacker","locked":"18700000000","until":"708050"}
{"address":"SP1239SRF7MPS2WXYDVTPJ2V4ZBE2TDCV5NY42ZAM","type":"stacker","locked":"13001000000","until":"708050"}
{"address":"SP123TY61PFFAEZBX3PNH7KG3663B3GBW440NMYX0","type":"stacker","locked":"5895000000","until":"708050"}
{"address":"SP129N2D7NMT70Z76FKGPXTJ8Q76D8FGZ5GVXSQN7","type":"stacker","locked":"24700000000","until":"708050"}
{"address":"SP12YQQY1NQ58VCXVEBCDN18NGFACZJ4TPVXAJ14R","type":"stacker","locked":"800000000","until":"708050"}
{"address":"SP1308DQKXZK593BES4GV419HMM3X94MM3TSVFA88","type":"stacker","locked":"750000000","until":"708050"}
{"address":"SP13646A651GQNPJ2VYHB0K12WGQN93Q7GTFV1C8M","type":"stacker","locked":"361073000000","until":"708050"}
{"address":"SP13CM9QN6J23B6T6415SC0T8JQZ3YADPD1TJ27WZ","type":"stacker","locked":"220000000000","until":"708050"}
{"address":"SP143YPY0K388CKX1T5KH79GSW90RH49NSRZVTT0M","type":"stacker","locked":"50000000","until":"708050"}
{"address":"SP14JMK7YAHGS3296HBCMKXJN23WA9EC5BMA8WV2H","type":"stacker","locked":"68000000000","until":"708050"}
{"address":"SP14PMGHFNVXZ3N1V1VG6EJA0WH0G0Q8F0RGMYFE2","type":"stacker","locked":"238100000","until":"708050"}
{"address":"SP14SVGY4HTE0YMMQ3K6YYTPGKGY5V2NN15AY7XNZ","type":"stacker","locked":"99913600","until":"708050"}
{"address":"SP15S478J9ZMR77N501EMJADSEGAFGPT0ZZ9E9R8A","type":"stacker","locked":"1056000000","until":"708050"}
{"address":"SP16Q13XQMWST2Z842WXM0A5PWSNA6TQTPM18PK41","type":"stacker","locked":"1500000000000","until":"708050"}
{"address":"SP17AJ04SD5YYB9G5CPC1GHHC2VN6EA3PPM3SH6YW","type":"stacker","locked":"90000000000","until":"708050"}
{"address":"SP17DGYKZ8GKW8TRKE53WE6B0MVEZGXZQWRGS6SGM","type":"stacker","locked":"330000000","until":"708050"}
{"address":"SP187ERJYDSY1YDRSDTZDD2D6HM64YQB985WQ8QJ2","type":"stacker","locked":"12500000000","until":"708050"}
{"address":"SP1934QK1ZXGCEBB3MN9Y0FNR20GMDWM3Y5P5VV5","type":"stacker","locked":"1340000000","until":"708050"}
{"address":"SP19M6N5ADWN8ABGKTG75GENB99W32S4A7SVV0HJS","type":"stacker","locked":"499000000","until":"708050"}
{"address":"SP19RF4WJTWT149FQB9QGMW9N409GACD9EFVPYHFH","type":"stacker","locked":"4083000000","until":"708050"}
{"address":"SP1A8XCMT0MCX1153T2FSSJ58ESV8JVN9CFEK06DT","type":"stacker","locked":"412045000000","until":"708050"}
{"address":"SP1ABCNVR5VR8ESY2V50DYJFPBFN3TVRQNS0P3JFK","type":"stacker","locked":"1326000000","until":"708050"}
{"address":"SP1AHD995X0SJ8YSQF1FHGW5JG9TTKC5XADTMYPCA","type":"stacker","locked":"253657056","until":"708050"}
{"address":"SP1ASE7R0KDK8Z7E20VH1GQ6CXHFTTKRWZ3C5SH8Y","type":"stacker","locked":"583000000","until":"708050"}
{"address":"SP1AXVHRZMNPE4621HWPSKD18FS4GM96KSAC82RER","type":"stacker","locked":"47688999801","until":"708050"}
{"address":"SP1AYVSC81FQAFDYJ1RRMQAK8TWB40ETKEP1Z6M4Y","type":"stacker","locked":"51000000000","until":"708050"}
{"address":"SP1B35DSEAKN6JCRYYC3161G4CD7P1W7NJGV8HZ89","type":"stacker","locked":"3500000000000","until":"708050"}
{"address":"SP1B717ATWZEZ8GGBAHGSDXDJ3JHADD4R1Q16R1HK","type":"stacker","locked":"140000000000","until":"708050"}
{"address":"SP1BZC0PXGMJEM1972G2ZGEFEDTWKWERXFKWN6QFJ","type":"stacker","locked":"3685570000","until":"708050"}
{"address":"SP1BZEGCBVBZ25N5QS736CC33JM3VRJ9Q6TXG0TDD","type":"stacker","locked":"2840666938","until":"708050"}
{"address":"SP1D1F5XHQ2Y8X04HX66ECHPP27M5V0ZZKSGZXY25","type":"stacker","locked":"120000000000","until":"708050"}
{"address":"SP1D2P4A6EV88CNSKFN9JHXMZ5PN9YQRKBNXBEKA8","type":"stacker","locked":"1500000000","until":"708050"}
{"address":"SP1DZGPXNERQ9PZV92SYZASXK0GS5T3RSAMMF991J","type":"stacker","locked":"1190000000","until":"708050"}
{"address":"SP1E32XK54WWBFM0QTBNT44RV69201CZMRV2ZKKA3","type":"stacker","locked":"102720513","until":"708050"}
{"address":"SP1E9GBZ7VQHRQQMAF89VGRAPBNCYQ7NHRKX1EP6R","type":"stacker","locked":"532540000","until":"708050"}
{"address":"SP1ET0MKG8DZJHC7Q7MVGGYVRM726GBHWMQ6BD1J6","type":"stacker","locked":"222530457","until":"708050"}
{"address":"SP1F5DSY5TBFHXG80RV02N0CMRABSMCSM83A4STR0","type":"stacker","locked":"13690341486","until":"708050"}
{"address":"SP1F7WF2XCPP7Y91FZ16AVZD5Z8EDECW88WR7T1EC","type":"stacker","locked":"500000000","until":"708050"}
{"address":"SP1FBF62CJDWKM6CWVFK3R4R14JWAYNEF95E4Y7XD","type":"stacker","locked":"1000000000","until":"708050"}
{"address":"SP1FS1TV4FXBBH8AHC6Y0F8PHEKAAK8N85A61V35J","type":"stacker","locked":"9284000000","until":"708050"}
{"address":"SP1FV3SN48RVHHQF7456N62G5NW768B8YM44M3AV1","type":"stacker","locked":"40000000","until":"708050"}
{"address":"SP1FZEDKMD9736NAWS1V6Z33KBKKY4WN9JHJXCQX6","type":"stacker","locked":"135864000","until":"708050"}
{"address":"SP1G69A01K850YT1RN5QG822Q2NPTF3QS4YPYSBDZ","type":"stacker","locked":"20000000000","until":"708050"}
{"address":"SP1GDDQCAHQJ9F7WV3953CH4KXS7KMKSSMT0M20AG","type":"stacker","locked":"110330000000","until":"708050"}
{"address":"SP1GRRA4P0VHKPRF3MKNX9XD5CPBTCYQE6P1JZ2W9","type":"stacker","locked":"11999997035","until":"708050"}
{"address":"SP1HB7779C8GNDQ4VT7CTN9APSKK48XJ8PJAKTGFT","type":"stacker","locked":"1300000000","until":"708050"}
{"address":"SP1HMKBV1K727NMYZFDE237RG2NT6G92M3S6868WG","type":"stacker","locked":"50000000","until":"708050"}
{"address":"SP1J8KDC28HTF338MZJ49SNXXM9Z7GGS0KJQ0TSDG","type":"stacker","locked":"8338892899","until":"708050"}
{"address":"SP1JSE79G093C17XZNAQAVBKAX2K551KGVDZC5Z76","type":"stacker","locked":"3325000000","until":"708050"}
{"address":"SP1K9C1C760CSW669YV5J2FJ4K9VNK8J1R9N1GH49","type":"stacker","locked":"3200000000","until":"708050"}
{"address":"SP1K9YACPRZ8PMVA3QX20JN444W1S30QFSEEQ0QWN","type":"stacker","locked":"5779999801","until":"708050"}
{"address":"SP1KMRW2G1ZB200ND2JP1VP99GBBGC4FEFTQ28W6F","type":"stacker","locked":"2518000000","until":"708050"}
{"address":"SP1KPD871XYW30DTWSSG56XPVDC7253P5ZZN363P9","type":"stacker","locked":"1000000000","until":"708050"}
{"address":"SP1KWZ8MQA40FF6EXK4G6SMF06B6SZ5FVKQYC5YQT","type":"stacker","locked":"2020913600","until":"708050"}
{"address":"SP1M1ATHN7NP5ZNFKE4Q53JR7P6FAZT76AJ2VVYXX","type":"stacker","locked":"150000000","until":"708050"}
{"address":"SP1ME1TS4Z46T83K4HPQHGV3Q3VX2NF758FFCBWPW","type":"stacker","locked":"99000000","until":"708050"}
{"address":"SP1MJ8FNYZHE19H8YFJ624ZEEXAEB69B80G3DQ0XK","type":"stacker","locked":"4476638285","until":"708050"}
{"address":"SP1MS7KGA5WESV319PV9GVKW2FFJJ1YNT9ETC6FQC","type":"stacker","locked":"4000000000","until":"708050"}
{"address":"SP1N06Z1498FKVCB9QK4TYEKQ70XCKFCXH4BEYEC4","type":"stacker","locked":"82332000000","until":"708050"}
{"address":"SP1Q3VA4YYDAFY7WQVQGZYGH0D232BM4DV2KF7T1S","type":"stacker","locked":"92406500","until":"708050"}
{"address":"SP1QAHRV4H9X0QTBD4SDF2XTQQZXQG6SQ7XVTE0K8","type":"stacker","locked":"103348000000","until":"708050"}
{"address":"SP1QJBEHS9P9S3D91GWDAV1SQAA9613TWBGCC9EYS","type":"stacker","locked":"7989000000","until":"708050"}
{"address":"SP1R1HND0ZXGFZXQCRKQ1PNR1ADA7ZJHJMKVJ1HCJ","type":"stacker","locked":"324950000","until":"708050"}
{"address":"SP1R6YS229G7TV47ZEZ33CDQBS7AQR3QJSY3MNF4F","type":"stacker","locked":"500000000","until":"708050"}
{"address":"SP1R8NFPFGFPVM7DCCVQ4HBJ83QJA5ZGW50CRK9RB","type":"stacker","locked":"2043918584","until":"708050"}
{"address":"SP1S2EN7AHYH41P9DSYW0VM8FRHSDD77CFA3A7H3T","type":"stacker","locked":"40000000000","until":"708050"}
{"address":"SP1S3K579FJQNHVNBBXT5WZSTFMT95HS018WWB0AT","type":"stacker","locked":"14994000000","until":"708050"}
{"address":"SP1T0NKGCAZZKCKNVMAW60DDZ9QC5XAD8C4QDD3PP","type":"stacker","locked":"100000000","until":"708050"}
{"address":"SP1T2SV6451HSZPJH9YBFWDM69ZPEVXM86HM597XJ","type":"stacker","locked":"99913600","until":"708050"}
{"address":"SP1TD345DMS67CJQJR8S9FQ95M9ZSHDHYTJ4SK4VS","type":"stacker","locked":"442969801","until":"708050"}
{"address":"SP1TQ2BKXYWJ2W8DCKQSP94CTHYC8EKJT7T1Y09D8","type":"stacker","locked":"1200000000","until":"708050"}
{"address":"SP1TWA0K60WB961W7QJQKHTASNQXZEEP36V15TFGQ","type":"stacker","locked":"6256378400","until":"708050"}
{"address":"SP1V7NRPKG7XHGNBZ5HGQ42SM90VNF2Y5YXY0RDA7","type":"stacker","locked":"262190000","until":"708050"}
{"address":"SP1VDP51TS04PWRK4DBPY64T8M1GY85Q1QX8WDVFN","type":"stacker","locked":"186000000","until":"708050"}
{"address":"SP1VM3P7H4N82DK1WDVFT50GDHZKX3ZH7XSN8KNP1","type":"stacker","locked":"500000000","until":"708050"}
{"address":"SP1W8C25TZCXDQTAR7MZQPSNF8C73274DCNT2NWJZ","type":"stacker","locked":"100000000000","until":"708050"}
{"address":"SP1WQ59358VCM82GSVREYF4RZ02QXVZ1WXRCZSCPG","type":"stacker","locked":"2400000000","until":"708050"}
{"address":"SP1X2WX4RS1GBDF3KNS4XXJ718XRPJ77A4XNXH2ZY","type":"stacker","locked":"5000000000","until":"708050"}
{"address":"SP1XDN5MVZ732N4TSPS7A4PGTY2VKBN2VYY823R8D","type":"stacker","locked":"422870303","until":"708050"}
{"address":"SP1XTAXYRTSKMZFV6PTNGHJWKFTS2KVJK5GZYF38J","type":"stacker","locked":"17699618079","until":"708050"}
{"address":"SP1Y5603BG64PND9X5V59FPZATPTFWSQHQMWFHJ9D","type":"stacker","locked":"22575590063","until":"708050"}
{"address":"SP1YFA8FW983BDZXH87KH80795172E3Y9XC5VTTK9","type":"stacker","locked":"98313600","until":"708050"}
{"address":"SP1YYBMTZVG18PBVB4XTSK7TTWDJJ3C6TZXSNMAJ0","type":"stacker","locked":"42710000000","until":"708050"}
{"address":"SP1Z7CW5WDWMJ6WFKE1CRF41V8C4YD911HYGH0WF8","type":"stacker","locked":"600000000","until":"708050"}
{"address":"SP1ZHD36QBDRN42X4X5ZVEVBWKAXTMMA3BKNYWDY1","type":"stacker","locked":"395000000","until":"708050"}
{"address":"SP1ZHDJ95YEJ9PZPYPF95FMWDKWCQSWRAQWQHYWDP","type":"stacker","locked":"505000000","until":"708050"}
{"address":"SP2009K5G8DGFY7F4ZDRT9K1JP9CKTBZC5WFJZAD7","type":"stacker","locked":"205394050000","until":"708050"}
{"address":"SP207D4A7XMNGA7JJ34FD724A0NYV7K7MYDWK9T21","type":"stacker","locked":"200000000","until":"708050"}
{"address":"SP207R9N5VTFS6H2G0CFKZ6JB6AHBYN7E2FR0M0DN","type":"stacker","locked":"24999999801","until":"708050"}
{"address":"SP20BZFPPQMEGSG1NPZRQE0JTFXF68EQW4JZD69EZ","type":"stacker","locked":"100000000","until":"708050"}
{"address":"SP20GSBGFKJZECGP932GQQSZT83KXF4HC7KPF65QF","type":"stacker","locked":"290000000","until":"708050"}
{"address":"SP20J1SD14FXX9VE6GC4QKSPP2F3JNF5WVDZR4TYZ","type":"stacker","locked":"374999000000","until":"708050"}
{"address":"SP20JMXFT8QRYES7Q1ZNTWPAXACETHGSWV9A0EDEP","type":"stacker","locked":"1360000000","until":"708050"}
{"address":"SP221CDNSRGS6CM4BCJGKCQDYG03JTBCF8RX42D01","type":"stacker","locked":"500000000","until":"708050"}
{"address":"SP228WEAEMYX21RW0TT5T38THPNDYPPGGVW2RP570","type":"stacker","locked":"400000000","until":"708050"}
{"address":"SP22J0TQ6YA0EB70YD3GW24A9BEGDEA3XA5TAB9SQ","type":"stacker","locked":"110697000000","until":"708050"}
{"address":"SP22Z57B3PH87F0EAH9AEVP01RDZX9K8JT03G552G","type":"stacker","locked":"543000000","until":"708050"}
{"address":"SP22ZJZ1KETW298FXKV58RF95VB2MQSQ0807BBM5P","type":"stacker","locked":"1306218300","until":"708050"}
{"address":"SP2389QCGHF3EFNSZAKQDA8SS3SW8KR24D7Z06HHC","type":"stacker","locked":"773720000000","until":"708050"}
{"address":"SP23EW35J2RW3JD815W9S53SXX97N679GW221HSSA","type":"stacker","locked":"67000000","until":"708050"}
{"address":"SP246HMXWGY3WF7VRZB3E5E2YPTM0ZRXXMFTTVZ5S","type":"stacker","locked":"2000000000","until":"708050"}
{"address":"SP24AFQEDS4HR26P2NFBYH0VPCXHJ637QMC6ABFK5","type":"stacker","locked":"385229000000","until":"708050"}
{"address":"SP24GQ60GT3G3NSX7090YRR8DBMFF2NXTW1GHD4AD","type":"stacker","locked":"500000000000","until":"708050"}
{"address":"SP24JRWPM2YBXCV0SKR820JPTVEQK9NYNWMZPE7CV","type":"stacker","locked":"1443000000","until":"708050"}
{"address":"SP24TN44EK3MPAPQVGSGQ5EH0DGBKSHT3BKQJB924","type":"stacker","locked":"25000000000","until":"708050"}
{"address":"SP24WE3BZTDPH2M5RF0H8HDETG3V7424R3YR5BSNM","type":"stacker","locked":"33982671446","until":"708050"}
{"address":"SP2570YNWG8EEP37V68KJ3PK35AN8691CDY6GZR2G","type":"stacker","locked":"2500000000","until":"708050"}
{"address":"SP25SQR5GE76ED6KA2ZBVHRDRQ7537R7ZT8J0FD0W","type":"stacker","locked":"672929134","until":"708050"}
{"address":"SP25X4TZBD3GFAZ6ER897QXJ318SBEPT9RCTM03BS","type":"stacker","locked":"2000000000","until":"708050"}
{"address":"SP25ZA03RTFHTDJT9M5GNX8QV1YJRJA2J47PQFBSY","type":"stacker","locked":"101560000000","until":"708050"}
{"address":"SP26Z4AHW28NZQMKYRH2NBCEMN1BMZY2W8ZPDHDWF","type":"stacker","locked":"538000000","until":"708050"}
{"address":"SP272G79GSJB7BZ66PRF3GBS9VKS65J3F9B5VS901","type":"stacker","locked":"200000000000","until":"708050"}
{"address":"SP273XN645XQ35KPGSCYH1R7AFA7D9DSGCM1E66J0","type":"stacker","locked":"1185000000","until":"708050"}
{"address":"SP27EQH5ASYBRMKD7A1RFE7HX44SPXETAB9R8QTVS","type":"stacker","locked":"36500000000","until":"708050"}
{"address":"SP27S5Y9P81XX2PZC28GQ687B8CYWW2E0B54GNXWB","type":"stacker","locked":"300000000","until":"708050"}
{"address":"SP281EDFY54S0GCDTKPEKP6K32Y8VTJ6DC4KXTFY3","type":"stacker","locked":"7089391725","until":"708050"}
{"address":"SP287WSB9DMKVWND9JQKZ3H9TY9MSDV9QEQ8SJ3TP","type":"stacker","locked":"15000000000","until":"708050"}
{"address":"SP28FS6K7XZXJC8NMKV65W65T66C5D76TNFZWECW1","type":"stacker","locked":"4547000000","until":"708050"}
{"address":"SP294GG6MJJCHZ2BDV5PTMPK93MGYB2CY9VV5GG6D","type":"stacker","locked":"1718223659","until":"708050"}
{"address":"SP2A54X7G1JXYK5VQN4C5KHDHJV8RFJ9RJTSCVZGW","type":"stacker","locked":"1300000000","until":"708050"}
{"address":"SP2ABCYTA1WH4KZ9KMERHJP4EQJJCQDME66D5A1HH","type":"stacker","locked":"21874999008","until":"708050"}
{"address":"SP2B8XVVQN16VFKFKX7A5VGBNFE3WE3N8PHAD6HQ1","type":"stacker","locked":"1500000000","until":"708050"}
{"address":"SP2BNP9637394002WP5BSWK2SHS97JGRFRJ71Q394","type":"stacker","locked":"250000000","until":"708050"}
{"address":"SP2BQ782SESAYXACWCWDYP0Y4YVYVW0FBRQ384XX4","type":"stacker","locked":"100000000","until":"708050"}
{"address":"SP2C7EE8T80AHDCYD1HPZMJJXNMCFXGXDK7ME0M4G","type":"stacker","locked":"830000000","until":"708050"}
{"address":"SP2CQPK19120XS71E1D1YAMBSNVSJ3KJS70ABA9TC","type":"stacker","locked":"99913600","until":"708050"}
{"address":"SP2D39N30HS99R8VFKHMQJH1665WZSJPXSSDKSP25","type":"stacker","locked":"200000000","until":"708050"}
{"address":"SP2D784TEAPZH07FC1MY6CCK0R3ACNDGHR3FBSMKJ","type":"stacker","locked":"100086400","until":"708050"}
{"address":"SP2DD4SR9MPBRKCJVMFYFGPM4FY1VJ63E0BT8YA27","type":"stacker","locked":"2499000000","until":"708050"}
{"address":"SP2E15MCQG2HC7RDV5A88HSRTP80DPVYQPHGN1BV9","type":"stacker","locked":"500000000","until":"708050"}
{"address":"SP2EBZB4M75QYAA9XP9XY98PQQCCVMQAVDAT0CXCQ","type":"stacker","locked":"2400000000","until":"708050"}
{"address":"SP2ECKAWK4DRPM6AMP2QH3VFCP5DHKZBFWVEWTDNR","type":"stacker","locked":"40000000000","until":"708050"}
{"address":"SP2FN6XCY6D84YWJQJSBPBDYXPXMAQWP6A61AXE31","type":"stacker","locked":"700000000","until":"708050"}
{"address":"SP2FNPHR7YE49C9B8FNKN1R0RCASHMRDEZ71PZ5JY","type":"stacker","locked":"929841780","until":"708050"}
{"address":"SP2FP6FW5PQY1JWGSMKPD705F7XZSQ4PJ3JD52EG9","type":"stacker","locked":"1427000000","until":"708050"}
{"address":"SP2G6B6ARQ8R5MRE702JPXBDV7PVSW5HTS81GYQ7G","type":"stacker","locked":"5300000000","until":"708050"}
{"address":"SP2GA0B2HMKNV9GKFGGPTKWJHJ8TEYFBVMTC9FX6W","type":"stacker","locked":"3000000000","until":"708050"}
{"address":"SP2H1A16NZ2HS9SGHQ3ZFDV2ETQW5YD777CY9W31X","type":"stacker","locked":"1500000000","until":"708050"}
{"address":"SP2H4HFERWC4208VW51BPGT9C2J74MT1W5JDBGZAZ","type":"stacker","locked":"700000000","until":"708050"}
{"address":"SP2H5VVV8WABA2QZV2ZEJ81FG1P25J4CNB18ETTMD","type":"stacker","locked":"99000000","until":"708050"}
{"address":"SP2JMZ72A6PSENJK32KM86BH8CDA5MX6J841Y7T2S","type":"stacker","locked":"651136400","until":"708050"}
{"address":"SP2JPJED6E76TXTPF8V773VA8Q9Y3T5PFED2XME2J","type":"stacker","locked":"500000000","until":"708050"}
{"address":"SP2JVZ8BKVJE1GY3A6DH0JRAWDSPT0TVPW580RQQ1","type":"stacker","locked":"857000000","until":"708050"}
{"address":"SP2K2Y277FZ48627S2PGDH0Q0J0GBJCYSY4QYNPK6","type":"stacker","locked":"6000000000","until":"708050"}
{"address":"SP2KBD37DQCGGMAG2CKDAXA5AMYCWAH25B2TQ3ZET","type":"stacker","locked":"30972999060","until":"708050"}
{"address":"SP2KZZ20P68NKG1XW2CT98NHWEK5KS1CYCMV3GVF6","type":"stacker","locked":"13703595000","until":"708050"}
{"address":"SP2MAGHWK255EXCQ2ZSVBT31Z3CH702N6N6WSHX9G","type":"stacker","locked":"200000000","until":"708050"}
{"address":"SP2MW6VSVM0J6CTKCEZBCPQNAYAG790K3R0ME0ASZ","type":"stacker","locked":"1000000000","until":"708050"}
{"address":"SP2N27AWKMQEH9S9VDEYMZWS83PD9FKTVNM2MM6Z4","type":"stacker","locked":"550000000","until":"708050"}
{"address":"SP2N3Z3QHHMBEV2EPRZA1P83M213TPTCV5XD5HQ4X","type":"stacker","locked":"297919900","until":"708050"}
{"address":"SP2NK7DRRGAE9ZZ38NFPBGMK39XEA5CWKKKDW03BJ","type":"stacker","locked":"5000000000","until":"708050"}
{"address":"SP2PAZQWB6Y5G0TSMC0EXFDKG5AQEZ2AQTF388D28","type":"stacker","locked":"20000000000","until":"708050"}
{"address":"SP2PRBEX510TSNRT7T1JX8P59MSBSQHRTEM8S06GE","type":"stacker","locked":"8000000000","until":"708050"}
{"address":"SP2PXNWW3EA4WCVQS54E03T969TW51DW3SZBHFNR5","type":"stacker","locked":"300000000","until":"708050"}
{"address":"SP2Q79QN7YYTH4Y0X2H1CH0XKHG78HAPCXYCFPN4A","type":"stacker","locked":"2239000000","until":"708050"}
{"address":"SP2QGS35J9Z77GK73JPQZ080RJ7TWJJ620J9YTJBF","type":"stacker","locked":"95000000","until":"708050"}
{"address":"SP2R8C36A8KVBBWYC4ASD6V36S2E9VJ0FXWV2T4CP","type":"stacker","locked":"2500000000","until":"708050"}
{"address":"SP2RFZA63SZRX5CZRBHKFC01S4QVWP8P0NEZYX54F","type":"stacker","locked":"1314999604","until":"708050"}
{"address":"SP2RW80TCDT7ZQRG95HN5GVS8XQGYR3HN7CZE8SG","type":"stacker","locked":"20832913600","until":"708050"}
{"address":"SP2S0948DSAHCG5J5P2CF5WRW6V1BNJFS7XFRA5ZN","type":"stacker","locked":"450000000","until":"708050"}
{"address":"SP2S3TREKZAZARJ3VYS7Y8QYWKN8C4BBVZR1C4MZ6","type":"stacker","locked":"978584566000","until":"708050"}
{"address":"SP2SSHDSGHHEQN1A7Z0RP0YJ6QECE8TGQTYN594PM","type":"stacker","locked":"50000000","until":"708050"}
{"address":"SP2ST1HP2F24PTKNT2Y4AB19PZ5NY0HCP7M2ZJSEJ","type":"stacker","locked":"1977038245","until":"708050"}
{"address":"SP2SXNTK8H2ZF8Y9CW2EJEHVFBAVH8AK31RNJSZ59","type":"stacker","locked":"1020000000","until":"708050"}
{"address":"SP2TB9BR1WQ8TZTACRY4MWM27KGR85VQAM8BK49NE","type":"stacker","locked":"1300000000","until":"708050"}
{"address":"SP2TDGJZAGJWFSJAWQN2WBGR0TNEVV4CNWJBZ1SNC","type":"stacker","locked":"431000000","until":"708050"}
{"address":"SP2TZBMHPE6C37PAG6VPA1AGT310HCDGBF5GRCH6C","type":"stacker","locked":"50000000","until":"708050"}
{"address":"SP2V9ATCT5AGFSEP3WGCKQHNG26CKE3V3Q6WPRG46","type":"stacker","locked":"818265264","until":"708050"}
{"address":"SP2VCYZFK5JAPHWESXSJXB3CJABMVW3PAX8SWBPYC","type":"stacker","locked":"10000000000","until":"708050"}
{"address":"SP2WBXERYJXSH1RE9BJ9CY4A24R6SY3S1YC7G85AE","type":"stacker","locked":"2635000000","until":"708050"}
{"address":"SP2WKB7YWTPCVPNW5XVWSZQEQK07J91371WYV63TV","type":"stacker","locked":"3212000000","until":"708050"}
{"address":"SP2X40FDFC4GKM5P7ZA22QRAP4E6DVBGJKHXXED9N","type":"stacker","locked":"200000000","until":"708050"}
{"address":"SP2XESVQBJMNFZP4VQEBP3SJB69ANZZ2Y67CY07CP","type":"stacker","locked":"36925999801","until":"708050"}
{"address":"SP2XPYCM9ZYHFM119P57WM50S2CMQQ04G9ENRCPQG","type":"stacker","locked":"2500000000","until":"708050"}
{"address":"SP2XTWNFRKVC580XWRHW7DPCAF7NRQSPZXB0H00G7","type":"stacker","locked":"9668000000","until":"708050"}
{"address":"SP2Y4QYK69BYZV59FGPAFJ6K47MQBMA431YQ8R7ZY","type":"stacker","locked":"200000000","until":"708050"}
{"address":"SP2Y6M02JW7F2EFA4VEJFPN0YRWV6RVYP0J013GET","type":"stacker","locked":"50000000","until":"708050"}
{"address":"SP2YC41386MSKZVWWT0Q4R7YGY85PFTVCQ9QWKV3K","type":"stacker","locked":"200000000","until":"708050"}
{"address":"SP2YSD5XQQDT2P114BEY28H6YMJJ1RKKA4V9EFCE2","type":"stacker","locked":"2083333332","until":"708050"}
{"address":"SP2YSXDXE1E450S61V4VSZMZES3QNRASDH83P9D0D","type":"stacker","locked":"2018632317","until":"708050"}
{"address":"SP2Z6BJJZM6WGFJBRQQHKJPXJVQZEK85DVF96B5EZ","type":"stacker","locked":"79119800","until":"708050"}
{"address":"SP2Z93NTWX2ZC423723P1XXWTR2QNYBRYNZGP6T1M","type":"stacker","locked":"2000000000","until":"708050"}
{"address":"SP2ZBPK3HNMZ1V3Z1J1DDD9QCEEMHBDAPBY0QKQWS","type":"stacker","locked":"333330000","until":"708050"}
{"address":"SP2ZBSDRAYDFVH613N1MMRNGS313S7XKNSCJYZ83P","type":"stacker","locked":"72000000","until":"708050"}
{"address":"SP2ZT0BGFZX5V8DW2RCAJCT7YNNGR2ZXJT091ZBKZ","type":"stacker","locked":"3209000000","until":"708050"}
{"address":"SP3047EGCA1P4Q6FNDQHXJTH7JYWH96TJD21QB74A","type":"stacker","locked":"995000000","until":"708050"}
{"address":"SP30F2QAKR5TEN0FTK4XGPYBB8JHDRMNVE3QFKV47","type":"stacker","locked":"1000000000","until":"708050"}
{"address":"SP30GGD247PAQCS6WYM1QW9H21R1BXZ36A3AH4WZ9","type":"stacker","locked":"224000000","until":"708050"}
{"address":"SP31W6HP3MX51BTM1TM43AE2WEAK0ADE75P7Z871G","type":"stacker","locked":"98841600","until":"708050"}
{"address":"SP31WY87X4BNKJ9N39BW4E0KGR17FRJMB3VFF4ETH","type":"stacker","locked":"100000000","until":"708050"}
{"address":"SP325DAYKWK2AST79G24TTJ9E28CBEESGRG9XWCAF","type":"stacker","locked":"100000000","until":"708050"}
{"address":"SP32W4N2WK6JAHNTV3VZD6B6H29FTBMTY44ZWSMW5","type":"stacker","locked":"17000000000","until":"708050"}
{"address":"SP32X0BRC5J1BTC88MFGHTBQ8ANWN243PVM0HTV9Y","type":"stacker","locked":"30000000000","until":"708050"}
{"address":"SP32XD1F46VPYGWSWFXGBKM2JWNK5TWKSNWB6PK7J","type":"stacker","locked":"50000000000","until":"708050"}
{"address":"SP3335VRW7MEP5PXZ8ZFS7FDJBX2DXX374T0QVZDX","type":"stacker","locked":"2499000000","until":"708050"}
{"address":"SP335WVA3CRKPWH73Z535PRK5995W2QA4BPPSDRSW","type":"stacker","locked":"1000000000","until":"708050"}
{"address":"SP33DF00JSGZHJ2TJSNNCWQQHXMVK0384ZMYBCWJ9","type":"stacker","locked":"354481800","until":"708050"}
{"address":"SP33S5RP1DSNYX9AZJ5C96EA9RQNVM1Y1WJYCDRG1","type":"stacker","locked":"91712000000","until":"708050"}
{"address":"SP34194H4V84A99FR64ZEMSMFPKQWH92XS0X5FRXX","type":"stacker","locked":"120000000000","until":"708050"}
{"address":"SP344FXYA19N7RX3MSBRHKZ8R830ZVP6XB24GT605","type":"stacker","locked":"4997571600","until":"708050"}
{"address":"SP344KKNJ86Q7H592V9VTY4KG2V5QS1CGQFNRP3QZ","type":"stacker","locked":"10000000000","until":"708050"}
{"address":"SP345A685CP2YB3J7WWTQKF3Y9SWCVETXHQNMBXDX","type":"stacker","locked":"477310793","until":"708050"}
{"address":"SP348BNKDH8AFYF04FRKS6FE1DN8YJXNMGQEZDD6X","type":"stacker","locked":"101417697","until":"708050"}
{"address":"SP34BD9Y4F4VVJSVJSET42CWKW6K0A81D1YBC0NVH","type":"stacker","locked":"2000000000","until":"708050"}
{"address":"SP34N4BJVEHDRBFYMR61AQ066474N06XWSJZJXFQK","type":"stacker","locked":"125000000","until":"708050"}
{"address":"SP34V4SST6CRC1X81J4494HJ041NENQ5QSXZ9J1X4","type":"stacker","locked":"601018000000","until":"708050"}
{"address":"SP359XCXKRQYPM5FRN3YY8TQH8EMWQRPCD1KR80CC","type":"stacker","locked":"1106000000","until":"708050"}
{"address":"SP35T2XPRFV930TZ8N3EZ7GA04EHAF4JBYRBK0R17","type":"stacker","locked":"99072000000","until":"708050"}
{"address":"SP36GDZEKRN5RES3PRHVK0V8WKAE35DZEJZJPQG6H","type":"stacker","locked":"1195000000","until":"708050"}
{"address":"SP36Y8XKYDC1KWVZCMVJ34YBQN4XZXTH5KJ5D72TX","type":"stacker","locked":"371896771","until":"708050"}
{"address":"SP37C6HQRQ4GYP1EMEK7KW31HG7G5JNZ5ZPFQMP57","type":"stacker","locked":"25000000000","until":"708050"}
{"address":"SP38HVW2KCREMH2J9HDJR8EZ7EXCJWMZ2M1YACP19","type":"stacker","locked":"90999000000","until":"708050"}
{"address":"SP39K85BYDZ9D34BRBKE60X622MA0JKQAS1NB27S8","type":"stacker","locked":"1500000000","until":"708050"}
{"address":"SP39VZBGWRZQZW3B0K7CHRYXGFKV1MVVVXF7HVWE3","type":"stacker","locked":"8460000000","until":"708050"}
{"address":"SP39W418XW5K075CTXEQYA2R3P3Y552QCCGV96F20","type":"stacker","locked":"111668000000","until":"708050"}
{"address":"SP3B7BNQP8XA9DH5CK6XDYHCAME008D46BD77XBM4","type":"stacker","locked":"99000000","until":"708050"}
{"address":"SP3BA14EBS58TY6MGMV6KQB47YHNPSNWTN4ZTMSFR","type":"stacker","locked":"110000000000","until":"708050"}
{"address":"SP3BZZ4HY118YANTMV7SEBPC98RNTT0CQ5SGGXQ55","type":"stacker","locked":"97776000000","until":"708050"}
{"address":"SP3C049E6CNBTPFQ6GMSWHT0FHQQ0208843MRD67B","type":"stacker","locked":"40000000","until":"708050"}
{"address":"SP3CBKJV78QSSY1MHDHH3E5FDJNEJJVMHAJ3Q9K17","type":"stacker","locked":"416466000000","until":"708050"}
{"address":"SP3CM7FQPGXDH8V23J29QZ025RVR1RBY1BK0BNM82","type":"stacker","locked":"4000000000","until":"708050"}
{"address":"SP3CP1DD0BH9EA9PX08DWBAYV9RCEH2R0PDM90TNT","type":"stacker","locked":"474000000","until":"708050"}
{"address":"SP3CR120Z3QRMQZN9J21QNR663PX7ZVTD3970GRR0","type":"stacker","locked":"123141600","until":"708050"}
{"address":"SP3CVFTJRWMM76GSBWG4WFKAR4P4WQJR7HVB55N8M","type":"stacker","locked":"519000000","until":"708050"}
{"address":"SP3CXP82SP2M920C5XX42RMAJ3Y6FS0KS5ZK1N1BC","type":"stacker","locked":"8000000000","until":"708050"}
{"address":"SP3CZFTS449PGACNX85PAK882PTZK9502PZ70RJ75","type":"stacker","locked":"1000000000","until":"708050"}
{"address":"SP3D5HNRZQDKYS3RRFSCZ33MZ0MH0FCYNMVRV3AWJ","type":"stacker","locked":"2885000000","until":"708050"}
{"address":"SP3D5TAQAMG3DZYKCH3CXCG4RZ4H5DNJ1WV8ZXSBR","type":"stacker","locked":"1100000000","until":"708050"}
{"address":"SP3DJWHZ1A091441XAK7FJAYWS5TNVPNX6DPYG5D5","type":"stacker","locked":"800000000","until":"708050"}
{"address":"SP3DXVQCHKPCADYA1HC82YYC7FVJDT65VRN0RH32H","type":"stacker","locked":"10000000000","until":"708050"}
{"address":"SP3E01HSR8SC25QPK5YXY9R04V2YYMFP34W3ZPPTM","type":"stacker","locked":"32575000000","until":"708050"}
{"address":"SP3E13ZCYW2ZQQCFN6YEN6NXK56HNFRAY3MJ6PGB0","type":"stacker","locked":"3710912828","until":"708050"}
{"address":"SP3E6S7TDY2C19J0VNRPARX454ZWNE63S8HSN2VSZ","type":"stacker","locked":"8080000000","until":"708050"}
{"address":"SP3EHY1QQX1DEJK1HR2DTK5BH92A252ZSZACV3QM8","type":"stacker","locked":"4774000000","until":"708050"}
{"address":"SP3EXTHZ7PHAJ8DDJB7AMVQXDZ6T68364EZ01WB20","type":"stacker","locked":"959030356","until":"708050"}
{"address":"SP3FEHH7WAWGNDTXC6CMX1NV4S8331BK55CQ04XGV","type":"stacker","locked":"261988000000","until":"708050"}
{"address":"SP3FJ31S46NS9XJEXK40ACV2MNFFKV421095ZWDQW","type":"stacker","locked":"580000000","until":"708050"}
{"address":"SP3GDZH3XEN81H6PWDA7WN6KW7E8V2C219X10NRTN","type":"stacker","locked":"1050000000","until":"708050"}
{"address":"SP3GSKXZWRXZ6Z42M6M7CYN4FTPJFQHXVNCNN1TBR","type":"stacker","locked":"12619000000","until":"708050"}
{"address":"SP3H3BJ7H35QM2RNV5TEAJC6BAY3VQTCCN7HNH1NQ","type":"stacker","locked":"50000000","until":"708050"}
{"address":"SP3H6X82CFV3E3KRNX194Z30DNT9V3KFG2VB2YM4B","type":"stacker","locked":"96962813","until":"708050"}
{"address":"SP3HPDJD9CGSGG7MC2HMFTFAPAJ3VFSQ3Y3FPZXFV","type":"stacker","locked":"1137759100","until":"708050"}
{"address":"SP3J1J8SXVAEFB0YGDFA3CJFM99Q2FKK67B82E10","type":"stacker","locked":"515000000","until":"708050"}
{"address":"SP3J5KNPHSFM9Z751060HEN49PZSZGZ28QAS2SWWD","type":"stacker","locked":"197916000000","until":"708050"}
{"address":"SP3J66FRWD9MP6X2PJD6197YMSYKNGW2MTHA7P2Z2","type":"stacker","locked":"1154000000","until":"708050"}
{"address":"SP3JNTAQVKN7B7521RJRHW9NT37B6BADED6ZG8R79","type":"stacker","locked":"500000000000","until":"708050"}
{"address":"SP3JP38M5S9WG2JXHM3NPGGPZF6CRS7RP5XXSP11M","type":"stacker","locked":"1027000000","until":"708050"}
{"address":"SP3JZ4CDBEWNZEA8EXXNWFQ98FQ0VMZS453VJB2TF","type":"stacker","locked":"760975600","until":"708050"}
{"address":"SP3K264JEZ5C3QRZ51GE167G8X520CCV0M7G08PFV","type":"stacker","locked":"12000000000","until":"708050"}
{"address":"SP3KEDCZ6BNBT1GFTG2XJXR6WZB1Q6NK624EV96GR","type":"stacker","locked":"2847000000","until":"708050"}
{"address":"SP3KWVT3CTP9KDQPGACJVBPR1T22S2AZE77FQ8VEW","type":"stacker","locked":"1000000000","until":"708050"}
{"address":"SP3M7K8GEZ8FCDW922R6P7YZYFMD7C4HJJ5K0R4D3","type":"stacker","locked":"107852941","until":"708050"}
{"address":"SP3M91PQ2VAS67804G7DBMCSFR87V38GTHDWYS6NJ","type":"stacker","locked":"900000000","until":"708050"}
{"address":"SP3MBV19ABTV3ZDY8RC1EKQC1ECN1JRBT0B1KJWEG","type":"stacker","locked":"157000000","until":"708050"}
{"address":"SP3MGK82ZAMSF309ME63SAF9CEW42X5JAMXYFF08S","type":"stacker","locked":"99999784","until":"708050"}
{"address":"SP3MJ8PXRZSYHQX6AYQXGA1GRGA4W2NJKN3NFY3TY","type":"stacker","locked":"2085270000000","until":"708050"}
{"address":"SP3MNXF624DWVA6R4P79XC7HS378BZJC17178SDVF","type":"stacker","locked":"10100000000","until":"708050"}
{"address":"SP3NFAYYF2G6EZD91KDZZFBF94HH13Q9WKRT8DHBS","type":"stacker","locked":"449999000000","until":"708050"}
{"address":"SP3P1ZA7S3QF5QQAMZK3QDKQ9TPX0AZ1ZPKD118RQ","type":"stacker","locked":"23000000000","until":"708050"}
{"address":"SP3P8ZWARDDFEWHEVJ85RR2V89PT4VBEQKFP4KE09","type":"stacker","locked":"990000000","until":"708050"}
{"address":"SP3PEHCWSEZ6D1M3950ZTY71EK8DAK4A5ZQ0B3DTR","type":"stacker","locked":"989000000","until":"708050"}
{"address":"SP3PGB46DX8M0M679J4Z1AETEGMCK7ZJDYJV7MEM9","type":"stacker","locked":"2355000000","until":"708050"}
{"address":"SP3Q0DJE6GPY4V0WBKKAE2GGFJ3W2X7ETVSFRANW7","type":"stacker","locked":"5056000000","until":"708050"}
{"address":"SP3R6JQPJMGNZ49YWB4ZCD9T4SQZCSTQF0YYN8XF1","type":"stacker","locked":"17000000000","until":"708050"}
{"address":"SP3RFER8H3CF3516X77GPTXM7W237BEKPJVE9BQV6","type":"stacker","locked":"1190000000","until":"708050"}
{"address":"SP3RYV2GY2ZCXHD8WKZ1WQD1Z38Q67E82PBV6N5M1","type":"stacker","locked":"754000000","until":"708050"}
{"address":"SP3S8H7JJ1TTRMY28DF46ZJYFHF7GNEJ2PJXP7FPZ","type":"stacker","locked":"2043761200","until":"708050"}
{"address":"SP3SJFERFAW051RK9Q74QZ6G7AC5M9T9ZM5FAZ8N3","type":"stacker","locked":"814899158","until":"708050"}
{"address":"SP3SKGVBYQMQAWSA9FY11P5QC7NVNG55XGQ4VZKSJ","type":"stacker","locked":"1090000000","until":"708050"}
{"address":"SP3SNKQXCTVGQ3Z4VRR443CJT5KX96CX7PZ4F89J1","type":"stacker","locked":"28300000000","until":"708050"}
{"address":"SP3V0YTM40AD2DD0094C6ATT9Y1T4T7TJ8MKPDEFE","type":"stacker","locked":"99999784","until":"708050"}
{"address":"SP3VJN00MMZK90SF5R1BE6BFW5GXH4MDR577S5NS6","type":"stacker","locked":"107913600","until":"708050"}
{"address":"SP3W7P3S6HEHR9ZJ91DZEC683WFYCDACNHVWSAN5K","type":"stacker","locked":"2951388890","until":"708050"}
{"address":"SP3WVC89JPADZQJ0RFQS1D1627NS1AK375RM6E5FR","type":"stacker","locked":"9557000000","until":"708050"}
{"address":"SP3WXNVPY9J007AASZYYTSEWGPXJW1H1MRSC1A9NJ","type":"stacker","locked":"2495000000","until":"708050"}
{"address":"SP3XGET4RTB4W79CHDBG0VPH4J4PM9KNEW7WVE8YP","type":"stacker","locked":"30000000000","until":"708050"}
{"address":"SP3YDEH3QZFCAZWTKT5NF3MYREMNTJEDC94Z3P3SZ","type":"stacker","locked":"50948000000","until":"708050"}
{"address":"SP3Z3YSTD32DQZAD9N9P828B9Y9J4R3556TFRGN4B","type":"stacker","locked":"539000000","until":"708050"}
{"address":"SP3Z8QJH6CVGJ0JK163HZN2N9WYPZGRW1F79KD7B7","type":"stacker","locked":"450000000","until":"708050"}
{"address":"SP3ZJM0P0PRT48V9S5DX8X1BBZVX1HN0P53X3DHCJ","type":"stacker","locked":"1015000000","until":"708050"}
{"address":"SP3ZY5DBKBBXWJPSCV1G7SEMTPAGT7C659A42AF2A","type":"stacker","locked":"4427000000","until":"708050"}
{"address":"SP4GPHGXSRZRS3KP247WCHTQR3KWCVTH1SJCPFG9","type":"stacker","locked":"1150000000","until":"708050"}
{"address":"SP50KZKGN80RFXYX8CGT4B3SSNBC6CM4A65TZX8F","type":"stacker","locked":"168000000000","until":"708050"}
{"address":"SP54PT5NZ6FG8PFWXYE41QDKKS1RMJBM95G3DAT4","type":"stacker","locked":"8847000000","until":"708050"}
{"address":"SP59BTR4KAH1P6DBEN7R3JFYZ64D1D2NFWA6KA09","type":"stacker","locked":"99990000000","until":"708050"}
{"address":"SP5GPBPTA8XGKYFD6HSZZ7FZ24Z274ZKZNDR52F5","type":"stacker","locked":"1507000000","until":"708050"}
{"address":"SP5MFMXM5YGZKCH23Y5TMETED6H115VS1P12GGCV","type":"stacker","locked":"877874000000","until":"708050"}
{"address":"SP5TN2MP8EW41ECDDS9R10AZJAACV5RFBVP6PR6X","type":"stacker","locked":"10000000000","until":"708050"}
{"address":"SP661DNB6KZH6YBT1Y32NCDHNJE042ZY7B8JA9WW","type":"stacker","locked":"60867807","until":"708050"}
{"address":"SP6MQQKG8Z2B3AWWMAWNX07TZV1NJ4YAWGJGER02","type":"stacker","locked":"402020900","until":"708050"}
{"address":"SP7383KRJA9AQAY9WS1AKAPG4KAR9ERQM3586AZ3","type":"stacker","locked":"522000000","until":"708050"}
{"address":"SP779SC9CDWQVMTRXT0HZCEHSDBXCHNGG7BC1H9B","type":"stacker","locked":"420000000","until":"708050"}
{"address":"SP7RKS2TA7SF2WC67CGQTTNX4HNV5D17AT0V52VF","type":"stacker","locked":"590000000","until":"708050"}
{"address":"SP8GC9E9DG0D88C5Y0017KGKAPZY2PTF2486F1KE","type":"stacker","locked":"85848600","until":"708050"}
{"address":"SP8YV7E4J52P3ZQ37FS668GF2283VCQWS1YET8YM","type":"stacker","locked":"800000000","until":"708050"}
{"address":"SP902WD2M3X15KKGH21AGS2TXAQKWHK1WYZSSPW5","type":"stacker","locked":"205000000","until":"708050"}
{"address":"SP9AM4Q82D0PJ94GDKDSP28T5FZFYMZGAVDCH0E8","type":"stacker","locked":"4386149784","until":"708050"}
{"address":"SP9B0JGYFZ264QPTRDGEN40E6YABWZWT130HQ096","type":"stacker","locked":"83332999048","until":"708050"}
{"address":"SP9FBRFC028FW65C6CB8ZWQG2C62Z9DVQGX0DPVD","type":"stacker","locked":"20000000000","until":"708050"}
{"address":"SPAFCC0QT811JJZPXSND3R1B532E2A5PPMS0Q5DB","type":"stacker","locked":"25000000000","until":"708050"}
{"address":"SPB09CGY9D3K3X4CZQH6903J73Z9B0M7J0ZMXF3S","type":"stacker","locked":"229000000000","until":"708050"}
{"address":"SPB2VP5GVD980MERQS4J4H479RGKP1TKSF24BHTM","type":"stacker","locked":"10337618200","until":"708050"}
{"address":"SPB8AQRQEQBQJACHKA7GRQ2ET0ECMH9ZA263Q7HH","type":"stacker","locked":"289000000","until":"708050"}
{"address":"SPBAKJP8T37GHPVMV5RX2N0EDCMX79RQXPGSJSDB","type":"stacker","locked":"2114000000","until":"708050"}
{"address":"SPBRMYM12MZKGRBJWBP3VPT845FGXP58041M7H63","type":"stacker","locked":"9050000000","until":"708050"}
{"address":"SPBZ2DQK8X21XJ3DJGV4XVXDBEVWATF33VDEV4ZA","type":"stacker","locked":"1692000000","until":"708050"}
{"address":"SPC30NARAGTSQ4DEER9NM4CV7CWH2JMJZBKJ90G9","type":"stacker","locked":"99999820","until":"708050"}
{"address":"SPCAMN538MMY913N9GBVGFA7X8R77HYWH3WC9YM2","type":"stacker","locked":"2995000000","until":"708050"}
{"address":"SPCGG9JHFJDRH6BBGAR8GHPDECVAZMRZ87M1BHKV","type":"stacker","locked":"800000000","until":"708050"}
{"address":"SPD63E5WQMR9B2ART8M8HADE7WCW99B12EPSR91F","type":"stacker","locked":"1712000000","until":"708050"}
{"address":"SPDANHG1WBW18ZAKFZJCG58GXGCX8P29ENFPCD1E","type":"stacker","locked":"14027000000","until":"708050"}
{"address":"SPDGHTX6ZC90DFYCWJW8MWVWFHMF8W0TB0B49HCV","type":"stacker","locked":"450000000","until":"708050"}
{"address":"SPDGRNM9BFDXQ4XN9HANT0F7MN2Z97QKDB5ZYB5B","type":"stacker","locked":"100000000","until":"708050"}
{"address":"SPDQXZT4CDB9BCCC53CGW0G0052EQ8ZZYK04FTCM","type":"stacker","locked":"200000000","until":"708050"}
{"address":"SPF13R8KGZ8B1B841X30Y2Q6BNANB2YZC3Z6WV7X","type":"stacker","locked":"100000000","until":"708050"}
{"address":"SPFAT16GY08EJ501BZJEQESREAKWMD3QR5QSQT0B","type":"stacker","locked":"500000000","until":"708050"}
{"address":"SPFY12M55M6BJ4VRKJ58Q4N9TV0P3MPQG460N0FV","type":"stacker","locked":"100000000","until":"708050"}
{"address":"SPGMF8QX45FMB20TAN8YHNYFMZAQWWAD0X2WNX6F","type":"stacker","locked":"167000000","until":"708050"}
{"address":"SPH00JPEQVPRQ87Q3ED2MBH0CY831R5KG645Y849","type":"stacker","locked":"216399346","until":"708050"}
{"address":"SPHSCF96PYMYB7W4WZC7ZBKQ7SECN2AW8J4MNFKJ","type":"stacker","locked":"100000000","until":"708050"}
{"address":"SPJ4SME1JBZ0682X48AJYAP5FPFBVVY4BCAMSRZ4","type":"stacker","locked":"2570000000","until":"708050"}
{"address":"SPJZRVAH1CS8G973V76MS15WZ3WBABVA6YSAE3JP","type":"stacker","locked":"58480000000","until":"708050"}
{"address":"SPKN4AYXSV5VTS1KP4DWKVQMZDHQW2YKP01CP1DZ","type":"stacker","locked":"3016788600","until":"708050"}
{"address":"SPKQVJZM28WJT70G3AP7B0PA5EG4HJ8NH97JK42B","type":"stacker","locked":"4400000000","until":"708050"}
{"address":"SPM4JKECG23CJGXC93BDXX7579WVH5NR7E2XVC5H","type":"stacker","locked":"500000000","until":"708050"}
{"address":"SPM97MPV98TWEKPXS8X5FTVHXY5CJQC24X30SFJV","type":"stacker","locked":"1600000000","until":"708050"}
{"address":"SPN06A0FNBXETTYAM9GAWPNNXFH6ZDYFENMT4S21","type":"stacker","locked":"2000000000","until":"708050"}
{"address":"SPNRPD2W804W5HMNXD5RDCPF5Z5CTZZM8KCSW2ZK","type":"stacker","locked":"9869793234","until":"708050"}
{"address":"SPPW17XYT85QBZJKW6W8KZ3T014JKEAYX2VA4HCC","type":"stacker","locked":"200173858","until":"708050"}
{"address":"SPR30KK2JTWVPM9ZB3EE05H8HFDYVSHDNKVFXJ8G","type":"stacker","locked":"20976470831","until":"708050"}
{"address":"SPRSNP97S0V51DCC4HM6PVW2GNDATY3P58R1689N","type":"stacker","locked":"700000000","until":"708050"}
{"address":"SPS4H96TGHT5JFXC0NF24GHWC4W12VKSSD5B7SC1","type":"stacker","locked":"498800000","until":"708050"}
{"address":"SPSA1SNVCV3ZRE3H3E2C4ABK460F9M91S9VTCR06","type":"stacker","locked":"7990000000","until":"708050"}
{"address":"SPSDGXANQ8E2RPHQ9GG9H189ZMQ77FVJ5HDJ1859","type":"stacker","locked":"15000000000","until":"708050"}
{"address":"SPT977DSCQVH1TZB4RMB3K4C5MKHB3R1KJPR0CAX","type":"stacker","locked":"5800000000","until":"708050"}
{"address":"SPT9D276954SH8V2Q9D45MN39FP3QNA8W9JB69DZ","type":"stacker","locked":"279786875000","until":"708050"}
{"address":"SPTFVW7ZS2E0GBWFHA3SKHN1A8J4RZFGAK6MA6PB","type":"stacker","locked":"969313600","until":"708050"}
{"address":"SPTP2RCF0MQMTHT7NGX5R2N0PHC6K0AEJGW26638","type":"stacker","locked":"83332000000","until":"708050"}
{"address":"SPV34QKJRAYEM871PY5EHGTRCEV6V6HZ5NZEWFJ9","type":"stacker","locked":"25000000000","until":"708050"}
{"address":"SPVNCNJHQPB0197CM5XXSGWWPFT6KEAZ60AJRE4S","type":"stacker","locked":"1500000000","until":"708050"}
{"address":"SPVQ9A57NG0SVWV4E82K8VRJYSZ5Y7AHXP5CB4W7","type":"stacker","locked":"192617000000","until":"708050"}
{"address":"SPVWV1TG5FXE9P8JCJ7BEPD3ZVVKSS1Y1R2T7HDS","type":"stacker","locked":"250372061","until":"708050"}
{"address":"SPW4E0SYAVX4W5X6R25DDYWQX8K8W650YAT0BRZ0","type":"stacker","locked":"700000000","until":"708050"}
{"address":"SPW4KNVH5F7MVDFX1DV79DSC0TMWW90J19D6AJ3P","type":"stacker","locked":"2085000000","until":"708050"}
{"address":"SPWJ5FEYPDR89WQE88TEJBFRP9S0KMA68EY8KZDR","type":"stacker","locked":"112895087","until":"708050"}
{"address":"SPWQZKW4H5SYVTY2TTWVMHVYMKS8JM5J0FMNTGN5","type":"stacker","locked":"47207749133","until":"708050"}
{"address":"SPX5TESXN1S4M12KF4AVF8SBP3H6WE8B55EHKM4F","type":"stacker","locked":"1161784573","until":"708050"}
{"address":"SPXMBS72P8K9M8FBQHCNJT1VYYXTGSSFFFS4MGE8","type":"stacker","locked":"100000000000","until":"708050"}
{"address":"SPY3E69EHH7B21RVSWS1RHPAQMHD9Y2JH8JFXY9K","type":"stacker","locked":"924644489000","until":"708050"}
{"address":"SPYQZBR1RKVCPXAF2AYECPETEV9X6R91ZS4HH8CH","type":"stacker","locked":"5000000000","until":"708050"}
{"address":"SPYYRNV2MFB8X08D0ZJDVBNRWS5E8ZYC4FSDHC0H","type":"stacker","locked":"15000000000","until":"708050"}
{"address":"SPZ3VMYZ4CJV3ADFD0VXT6H7Y1PCCWJ3ZDQGY8FV","type":"stacker","locked":"1105000000","until":"708050"}
{"address":"SPZN4R5HNXA2PY445MMDSA2TKAGZFQ4QXG0GXG8E","type":"stacker","locked":"106725000","until":"708050"}
{"address":"SPZQMR0SB88WX6BW83PP1D5JWDAKA1ERQVX5EA2D","type":"stacker","locked":"130000000000","until":"708050"}
